"環境","ファイルパス","ブロック種別","ラベル1","ラベル2","開始行","終了行","総行数","空白行数","コメント行数","コード行数","有効ステップ数"
"j1","terraform/stacks/01-workload/env/j1/compute/ec2.tf","(ブロック外)","-","-","","",5,4,1,0,0
"j1","terraform/stacks/01-workload/env/j1/compute/ec2.tf","data","aws_ami","amazon_linux",3,11,9,1,0,8,8
"j1","terraform/stacks/01-workload/env/j1/compute/ec2.tf","resource","aws_instance","app",13,28,16,3,0,13,13
"j1","terraform/stacks/01-workload/env/j1/compute/ec2.tf","module","alb","-",30,35,6,1,0,5,5
"j1","terraform/stacks/01-workload/env/j1/compute/ec2.tf","variable","instance_type","-",37,40,4,0,0,4,4
"j1","terraform/stacks/01-workload/env/j1/main.tf","(ブロック外)","-","-","","",3,2,1,0,0
"j1","terraform/stacks/01-workload/env/j1/main.tf","provider","aws","-",3,5,3,0,0,3,3
"j1","terraform/stacks/01-workload/env/j1/main.tf","variable","region","-",7,10,4,0,0,4,4
"j1","terraform/stacks/01-workload/env/j1/network/subnet.tf","(ブロック外)","-","-","","",6,5,1,0,0
"j1","terraform/stacks/01-workload/env/j1/network/subnet.tf","resource","aws_subnet","public",3,13,11,2,0,9,9
"j1","terraform/stacks/01-workload/env/j1/network/subnet.tf","resource","aws_subnet","private",15,25,11,2,0,9,9
"j1","terraform/stacks/01-workload/env/j1/network/subnet.tf","variable","public_subnets","-",27,30,4,0,0,4,4
"j1","terraform/stacks/01-workload/env/j1/network/subnet.tf","variable","private_subnets","-",32,35,4,0,0,4,4
"j1","terraform/stacks/01-workload/env/j1/network/subnet.tf","variable","azs","-",37,40,4,0,0,4,4
"j1","terraform/stacks/01-workload/env/j1/network/vpc.tf","(ブロック外)","-","-","","",10,7,3,0,0
"j1","terraform/stacks/01-workload/env/j1/network/vpc.tf","terraform","-","-",5,14,10,1,0,9,9
"j1","terraform/stacks/01-workload/env/j1/network/vpc.tf","locals","-","-",16,22,7,0,1,6,6
"j1","terraform/stacks/01-workload/env/j1/network/vpc.tf","resource","aws_vpc","main",24,33,10,1,1,8,8
"j1","terraform/stacks/01-workload/env/j1/network/vpc.tf","resource","aws_internet_gateway","main",35,45,11,1,4,6,6
"j1","terraform/stacks/01-workload/env/j1/network/vpc.tf","variable","vpc_cidr","-",47,51,5,0,0,5,5
"j1","terraform/stacks/01-workload/env/j1/network/vpc.tf","variable","env_name","-",53,55,3,0,0,3,3
"j1","terraform/stacks/01-workload/env/j1/network/vpc.tf","output","vpc_id","-",57,59,3,0,0,3,3
"j1","terraform/stacks/02-apprelease/env/j1/ecs/service.tf","(ブロック外)","-","-","","",3,2,1,0,0
"j1","terraform/stacks/02-apprelease/env/j1/ecs/service.tf","resource","aws_ecs_task_definition","app",3,16,14,1,0,13,13
"j1","terraform/stacks/02-apprelease/env/j1/ecs/service.tf","resource","aws_ecs_service","app",18,22,5,0,0,5,5
"j1","terraform/stacks/02-apprelease/env/j1/main.tf","(ブロック外)","-","-","","",4,3,1,0,0
"j1","terraform/stacks/02-apprelease/env/j1/main.tf","provider","aws","-",3,5,3,0,0,3,3
"j1","terraform/stacks/02-apprelease/env/j1/main.tf","variable","region","-",7,10,4,0,0,4,4
"j1","terraform/stacks/02-apprelease/env/j1/main.tf","variable","image_tag","-",12,14,3,0,0,3,3
"j1","terraform/stacks/03-dbrelease/env/j1/main.tf","(ブロック外)","-","-","","",3,2,1,0,0
"j1","terraform/stacks/03-dbrelease/env/j1/main.tf","provider","aws","-",3,5,3,0,0,3,3
"j1","terraform/stacks/03-dbrelease/env/j1/main.tf","variable","region","-",7,10,4,0,0,4,4
"j1","terraform/stacks/03-dbrelease/env/j1/rds/cluster.tf","(ブロック外)","-","-","","",3,2,1,0,0
"j1","terraform/stacks/03-dbrelease/env/j1/rds/cluster.tf","resource","aws_rds_cluster","main",3,13,11,1,3,7,7
"j1","terraform/stacks/03-dbrelease/env/j1/rds/cluster.tf","resource","aws_rds_cluster_instance","main",15,20,6,0,0,6,6
"j2","terraform/stacks/01-workload/env/j2/compute/ec2.tf","(ブロック外)","-","-","","",5,4,1,0,0
"j2","terraform/stacks/01-workload/env/j2/compute/ec2.tf","data","aws_ami","amazon_linux",3,11,9,1,0,8,8
"j2","terraform/stacks/01-workload/env/j2/compute/ec2.tf","resource","aws_instance","app",13,28,16,3,0,13,13
"j2","terraform/stacks/01-workload/env/j2/compute/ec2.tf","module","alb","-",30,35,6,1,0,5,5
"j2","terraform/stacks/01-workload/env/j2/compute/ec2.tf","variable","instance_type","-",37,40,4,0,0,4,4
"j2","terraform/stacks/01-workload/env/j2/main.tf","(ブロック外)","-","-","","",3,2,1,0,0
"j2","terraform/stacks/01-workload/env/j2/main.tf","provider","aws","-",3,5,3,0,0,3,3
"j2","terraform/stacks/01-workload/env/j2/main.tf","variable","region","-",7,10,4,0,0,4,4
"j2","terraform/stacks/01-workload/env/j2/network/subnet.tf","(ブロック外)","-","-","","",6,5,1,0,0
"j2","terraform/stacks/01-workload/env/j2/network/subnet.tf","resource","aws_subnet","public",3,13,11,2,0,9,9
"j2","terraform/stacks/01-workload/env/j2/network/subnet.tf","resource","aws_subnet","private",15,25,11,2,0,9,9
"j2","terraform/stacks/01-workload/env/j2/network/subnet.tf","variable","public_subnets","-",27,30,4,0,0,4,4
"j2","terraform/stacks/01-workload/env/j2/network/subnet.tf","variable","private_subnets","-",32,35,4,0,0,4,4
"j2","terraform/stacks/01-workload/env/j2/network/subnet.tf","variable","azs","-",37,40,4,0,0,4,4
"j2","terraform/stacks/01-workload/env/j2/network/vpc.tf","(ブロック外)","-","-","","",12,9,3,0,0
"j2","terraform/stacks/01-workload/env/j2/network/vpc.tf","terraform","-","-",5,14,10,1,0,9,9
"j2","terraform/stacks/01-workload/env/j2/network/vpc.tf","locals","-","-",16,22,7,0,1,6,6
"j2","terraform/stacks/01-workload/env/j2/network/vpc.tf","resource","aws_vpc","main",24,33,10,1,1,8,8
"j2","terraform/stacks/01-workload/env/j2/network/vpc.tf","resource","aws_internet_gateway","main",35,45,11,1,4,6,6
"j2","terraform/stacks/01-workload/env/j2/network/vpc.tf","variable","vpc_cidr","-",47,51,5,0,0,5,5
"j2","terraform/stacks/01-workload/env/j2/network/vpc.tf","variable","env_name","-",53,55,3,0,0,3,3
"j2","terraform/stacks/01-workload/env/j2/network/vpc.tf","output","vpc_id","-",57,59,3,0,0,3,3
"j2","terraform/stacks/01-workload/env/j2/network/vpc.tf","resource","aws_nat_gateway","main",61,65,5,0,1,4,4
"j2","terraform/stacks/01-workload/env/j2/network/vpc.tf","resource","aws_eip","nat",67,69,3,0,0,3,3
"j2","terraform/stacks/02-apprelease/env/j2/ecs/service.tf","(ブロック外)","-","-","","",3,2,1,0,0
"j2","terraform/stacks/02-apprelease/env/j2/ecs/service.tf","resource","aws_ecs_task_definition","app",3,16,14,1,0,13,13
"j2","terraform/stacks/02-apprelease/env/j2/ecs/service.tf","resource","aws_ecs_service","app",18,22,5,0,0,5,5
"j2","terraform/stacks/02-apprelease/env/j2/main.tf","(ブロック外)","-","-","","",4,3,1,0,0
"j2","terraform/stacks/02-apprelease/env/j2/main.tf","provider","aws","-",3,5,3,0,0,3,3
"j2","terraform/stacks/02-apprelease/env/j2/main.tf","variable","region","-",7,10,4,0,0,4,4
"j2","terraform/stacks/02-apprelease/env/j2/main.tf","variable","image_tag","-",12,14,3,0,0,3,3
"j3","terraform/stacks/01-workload/env/j3/main.tf","(ブロック外)","-","-","","",3,2,1,0,0
"j3","terraform/stacks/01-workload/env/j3/main.tf","provider","aws","-",3,5,3,0,0,3,3
"j3","terraform/stacks/01-workload/env/j3/main.tf","variable","region","-",7,10,4,0,0,4,4
"j3","terraform/stacks/01-workload/env/j3/network/subnet.tf","(ブロック外)","-","-","","",6,5,1,0,0
"j3","terraform/stacks/01-workload/env/j3/network/subnet.tf","resource","aws_subnet","public",3,13,11,2,0,9,9
"j3","terraform/stacks/01-workload/env/j3/network/subnet.tf","resource","aws_subnet","private",15,25,11,2,0,9,9
"j3","terraform/stacks/01-workload/env/j3/network/subnet.tf","variable","public_subnets","-",27,30,4,0,0,4,4
"j3","terraform/stacks/01-workload/env/j3/network/subnet.tf","variable","private_subnets","-",32,35,4,0,0,4,4
"j3","terraform/stacks/01-workload/env/j3/network/subnet.tf","variable","azs","-",37,40,4,0,0,4,4
"j3","terraform/stacks/01-workload/env/j3/network/vpc.tf","(ブロック外)","-","-","","",10,7,3,0,0
"j3","terraform/stacks/01-workload/env/j3/network/vpc.tf","terraform","-","-",5,14,10,1,0,9,9
"j3","terraform/stacks/01-workload/env/j3/network/vpc.tf","locals","-","-",16,22,7,0,1,6,6
"j3","terraform/stacks/01-workload/env/j3/network/vpc.tf","resource","aws_vpc","main",24,33,10,1,1,8,8
"j3","terraform/stacks/01-workload/env/j3/network/vpc.tf","resource","aws_internet_gateway","main",35,45,11,1,4,6,6
"j3","terraform/stacks/01-workload/env/j3/network/vpc.tf","variable","vpc_cidr","-",47,51,5,0,0,5,5
"j3","terraform/stacks/01-workload/env/j3/network/vpc.tf","variable","env_name","-",53,55,3,0,0,3,3
"j3","terraform/stacks/01-workload/env/j3/network/vpc.tf","output","vpc_id","-",57,59,3,0,0,3,3
"st","terraform/stacks/02-apprelease/env/st/main.tf","(ブロック外)","-","-","","",4,3,1,0,0
"st","terraform/stacks/02-apprelease/env/st/main.tf","provider","aws","-",3,5,3,0,0,3,3
"st","terraform/stacks/02-apprelease/env/st/main.tf","variable","region","-",7,10,4,0,0,4,4
"st","terraform/stacks/02-apprelease/env/st/main.tf","variable","image_tag","-",12,14,3,0,0,3,3
